Row Labels,Sum of Sales
Sean Miller,25043.05
Tamara Chand,19052.218
Raymond Buch,15117.339
Tom Ashbrook,14595.62
Adrian Barton,14473.571
Ken Lonsdale,14175.229
Sanjit Chand,14142.334
Hunter Lopez,12873.298
Sanjit Engle,12209.438
Christopher Conant,12129.072
Todd Sumrall,11891.751
Greg Tran,11820.12
Becky Martin,11789.63
Seth Vernon,11470.95
Caroline Jumper,11164.974
Clay Ludtke,10880.546
Maria Etezadi,10663.728
Karen Ferguson,10604.266
Bill Shonely,10501.653
Edward Hooks,10310.88
John Lee,9799.923
Grant Thornton,9351.212
Helen Wasserman,9300.254
Tom Boeckenhauer,9133.99
Peter Fuller,9062.864
Christopher Martinez,8954.02
Justin Deggeller,8828.0305
Joe Elijah,8697.843
Laura Armstrong,8673.222
Pete Kriz,8646.934
Daniel Raglin,8350.868
Natalie Fritzler,8322.826
Karen Daniels,8282.358
Nick Crebassa,8241.739
Harry Marie,8236.7648
Keith Dawkins,8181.256
Sean Braxton,8057.891
Zuschuss Carroll,8025.707
Joseph Holt,7954.998
Nora Preis,7903.1825
Anna Häberlin,7888.294
Adam Bellavance,7755.62
Jim Epp,7754.976
Jane Waco,7721.714
Lena Creighton,7663.126
John Murray,7625.076
Jonathan Doherty,7610.864
Patrick O'Brill,7473.8282
Maribeth Schnelling,7443.69
Rick Wilson,7397.401
Brian Moss,7294.185
Paul Prost,7252.608
Natalie Webber,7234.014
Dean percer,7198.761
Fred Hopkins,6987.196
Rick Huthwaite,6979.18
Penelope Sewall,6843.634
Brenda Bowman,6765.728
Joel Eaton,6760.815
Yana Sorensen,6720.444
Andy Reiter,6608.448
Dan Reichenbach,6528.034
Grace Kelly,6497.27
Joseph Airdo,6491.026
Nathan Mautz,6459.344
Valerie Dominguez,6442.254
Sarah Brown,6410.996
James Galang,6366.392
Darrin Martin,6345.103
Corinna Mitchell,6339.5576
Max Jones,6320.746
Brosina Hoffman,6255.351
Rob Lucas,6234.91
William Brown,6160.102
Victoria Wilson,6134.038
Shirley Daniels,6121.114
Quincy Jones,6108.338
Alan Dominguez,6106.88
Cassandra Brandow,6076.139
Greg Maxwell,6049.966
Shahid Collister,5992.536
Kristen Hastings,5990.799
Robert Marley,5979.096
Keith Herrera,5952.859
Ben Ferrer,5907.972
Christine Phan,5888.275
Bill Donatelli,5718.521
Cindy Stewart,5690.055
Anne McFarland,5664.022
Ross Baird,5633.316
Katherine Murray,5620.186
Alex Avila,5563.56
Suzanne McNair,5563.392
Naresj Patel,5529.62
Amy Cox,5527.846
Mick Hernandez,5503.093
Dennis Pardue,5480.724
Emily Phan,5478.0608
Yoseph Carroll,5454.35
Stefania Perrino,5440.319
Luke Weiss,5420.514
Cathy Prescott,5402.254
Thomas Seio,5371.09
Tonja Turnell,5364.808
Mitch Webber,5341.9
Tom Prescott,5329.0048
Tamara Willingham,5278.826
Dianna Wilson,5271.628
Mitch Willingham,5253.876
Harold Ryan,5248.787
Steven Cartwright,5226.21
Resi Pölking,5153.084
Lena Radford,5142.892
Mike Pelletier,5087.92
Anna Andreadi,5086.935
Ivan Liston,5040.736
Kelly Lampkin,5016.488
Laurel Beltran,4985.676
Dave Hallsten,4932.872
Irene Maddox,4930.474
Ted Trevino,4915.602
Kunst Miller,4909.472
Philisse Overcash,4893.043
Heather Kirkland,4877.784
Anthony Jacobs,4867.344
Joe Kamberova,4867.2
Alan Hwang,4805.344
Dean Katz,4802.394
Russell Applegate,4793.543
Sue Ann Reed,4767.3415
Jim Kriz,4760.434
Bart Watters,4750.358
Tracy Blumstein,4737.486
Giulietta Baptist,4716.288
Rick Bensley,4715.466
Erin Smith,4657.924
Deborah Brumfield,4655.897
Kean Thornton,4642.0884
Sample Company A,4624.572
Eugene Moren,4588.436
Dave Brooks,4531.646
Anthony Rawles,4523.336
Arthur Gainer,4510.797
Anthony Johnson,4501.391
Linda Cazamias,4492.946
Stewart Carmichael,4492.657
Theone Pippenger,4454.056
Mark Cousins,4432.138
Jamie Kunitz,4427.142
Katrina Willman,4416.52
Bradley Drucker,4411.243
Arianne Irving,4375.786
Scot Coram,4371.958
Ellis Ballard,4358.128
Gary Zandusky,4355.15
Steven Roelle,4345.886
Natalie DeCherney,4326.139
Matt Abelman,4299.161
Sung Pak,4282.94
Dana Kaydos,4282.176
Rick Duston,4272.93
Toby Carlisle,4266.812
Alan Schoenberger,4260.784
Frank Hawley,4256.272
Claudia Bergmann,4246.4555
Tracy Hopkins,4234.096
Bill Eplett,4204.676
Jill Fjeld,4198.332
Gary Hwang,4172.846
Roland Schwarz,4159.77
Muhammed Yedwab,4152.696
Peter McVee,4115.662
Stewart Visinsky,4105.305
Denise Monton,4074.472
Frank Preis,4046.746
Susan Pistek,3990.689
Craig Molinari,3984.4524
Michael Paige,3983.642
Sean Christensen,3979.065
Sanjit Jacobs,3949.656
Luke Foster,3930.509
Pierre Wener,3922.415
George Ashbrook,3919.776
Ken Heidel,3918.966
Chris Cortes,3913.418
Dorothy Badders,3908.8028
Nora Paige,3908.402
Kelly Collister,3908.262
Fred Chung,3889.366
Bill Stewart,3887.834
John Stevenson,3868.02
Ruben Ausman,3832.314
Annie Thurman,3831.864
Olvera Toch,3818.624
Rose O'Brian,3815.478
Michael Chen,3805.714
Michael Moore,3794.08
Carol Adams,3789.7228
Matthew Grinstein,3785.276
Maribeth Dona,3766.382
Jim Karlsson,3760.028
Juliana Krohn,3747.668
Frank Merwin,3736.198
Scott Cohen,3729.793
Hunter Glantz,3690.284
Ben Peterman,3675.861
Liz Preis,3653.399
Christopher Schild,3651.8585
Ed Braxton,3644.978
Jeremy Pistek,3635.594
Sam Zeldin,3625.329
Rick Hansen,3621.376
Thomas Boland,3589.296
Gary McGarr,3582.82
Dionis Lloyd,3539.322
Erica Smith,3510.458
Robert Waldorf,3495.646
Anna Gayman,3489.0396
Emily Ducich,3484.92
Pauline Webber,3454.916
Sarah Foster,3422.786
Frank Carlisle,3418.742
Sally Hughsby,3406.8395
Sandra Glassco,3406.581
Trudy Schmidt,3368.094
Sam Craven,3362.9636
Victoria Pisteka,3360.526
Doug Jacobs,3356.398
Dianna Vittorini,3341.587
Sylvia Foulston,3336.535
Dan Campbell,3336.168
Arthur Prichep,3323.556
Dennis Kane,3318.486
Katharine Harms,3312.864
Randy Ferguson,3309.15
Rick Reed,3302.262
Brian Dahlen,3288.471
Brian Stugart,3288.11
Rob Williams,3279.746
Daniel Lacy,3272.2
Damala Kotsonis,3256.48
Adam Shillingsburg,3255.31
Jack O'Briant,3254.949
Adam Hart,3250.337
Henry Goldwyn,3247.642
Lindsay Castell,3246.626
Carol Triggs,3241.898
Edward Becker,3236.314
Sharelle Roach,3233.481
Lindsay Williams,3230.308
Ricardo Sperren,3221.29
Alejandro Savely,3214.236
Mark Packer,3206.132
Christine Sundaresam,3202.162
Brian Thompson,3196.752
Deirdre Greer,3195.818
Jeremy Lonsdale,3173.874
Greg Matthias,3163.628
Janet Martin,3159.122
Chloris Kastensmidt,3154.855
Karen Bern,3152.615
Maxwell Schwartz,3144.678
Ruben Dartt,3133.924
Tanja Norvell,3130.221
Steve Nguyen,3127.9592
Speros Goranitis,3124.832
Katherine Hughes,3100.612
Patrick Gardner,3086.907
Eugene Hildebrand,3082.653
Gary Mitchum,3078.624
Eugene Barchas,3071.126
Mike Gockenbach,3061.543
Toby Gnade,3058.372
Kean Takahito,3057.1
Shahid Shariari,3056.807
Sara Luxemburg,3053.012
Aaron Smayling,3050.692
Cynthia Arntzen,3041.566
Carlos Soltero,3036.547
Lindsay Shagiari,2988.674
Michelle Huthwaite,2984.948
Frank Atkinson,2984.054
David Bremer,2973.094
Noel Staavos,2964.823
Tamara Manning,2955.226
Christine Kargatis,2945.321
Thea Hudgings,2942.772
Liz Thompson,2936.252
Becky Castell,2933.676
Julie Kriz,2932.484
Shaun Weien,2921.544
Maris LaWare,2921.5
Rob Dowd,2912.894
Craig Yedwab,2900.026
Neil Ducich,2893.455
Meg Tillman,2890.139
Barry Französisch,2888.506
David Smith,2881.8128
Paul Van Hugh,2876.046
Ionia McGrath,2872.63
Chuck Clark,2870.05
Craig Carroll,2854.115
Arthur Wiediger,2852.968
Erin Ashbrook,2846.705
Linda Southworth,2845.27
Darren Budd,2839.2272
Justin MacKendrick,2833.926
Christina VanderZanden,2830.628
Troy Staebel,2820.424
Gary Hansen,2819.467
Barry Gonzalez,2798.948
Trudy Brown,2797.668
Robert Dilbeck,2786.632
John Castell,2772.055
Philip Fox,2770
Emily Burns,2767.219
Chris Selesnick,2754.216
Michelle Moray,2749.881
Ken Black,2744.742
Lauren Leatherbury,2741.204
Marc Crier,2725.982
John Lucas,2725.256
Marina Lichtenstein,2722.843
Jay Kimmel,2709.632
Justin Ellison,2697.248
Bradley Talbott,2684.492
Bill Overfelt,2682.728
Frank Olsen,2678.438
Nicole Hansen,2673.29
Richard Bierner,2663.086
Eva Jacobs,2656.691
Dave Kipp,2650.557
Christina Anderson,2648.2872
Logan Currie,2633.582
Ralph Arnett,2617.906
Katherine Nockton,2617.272
Sean O'Donnell,2602.5755
Stephanie Ulpright,2595.364
Helen Andreada,2584.158
Alejandro Grove,2582.898
Lena Cacioppo,2580.704
Steve Chapman,2576.408
Neola Schneider,2575.863
Beth Thompson,2567.656
Eleni McCrary,2567.01
Mary Zewe,2564.906
Bruce Stewart,2562.382
Deanra Eno,2550.874
Corey Catlett,2540.631
Ann Chong,2537.686
Charles McCrossin,2533.314
Herbert Flentye,2533.164
Fred McMath,2523.266
Julia Barnett,2518.115
Joy Smith,2516.494
Don Jones,2501.688
Amy Hunt,2495.3916
Patrick O'Donnell,2493.214
Nick Zandusky,2488.31
Michael Nguyen,2477.946
Beth Paige,2475.157
Charles Crestani,2471.65
Nat Carroll,2461.404
Filia McAdams,2456.638
Mark Hamilton,2456.182
Brendan Sweed,2454.928
Valerie Mitchum,2454.866
George Zrebassa,2454.622
Michelle Arnett,2453.284
Bart Pistole,2442.044
Matt Collister,2426.067
Thea Hendricks,2422.824
Marc Harrigan,2394.025
David Flashing,2390.534
Xylona Preis,2374.658
Clytie Kelty,2372.75
Jennifer Ferguson,2371.448
Cynthia Voltz,2370.3136
Nick Radford,2367.277
Jack Garza,2358.676
Andrew Gjertsen,2356.855
Craig Leslie,2353.586
Maureen Gastineau,2350.188
Roland Fjeld,2341.296
Elizabeth Moffitt,2339.598
Dean Braden,2332.577
Chris McAfee,2305.712
Michael Kennedy,2302.368
Lena Hernandez,2295.332
Kristina Nunn,2280.58
Jamie Frazer,2279.586
Fred Harton,2271.284
Craig Carreira,2269.7015
Bobby Elias,2261.438
Kalyca Meade,2260.958
Matt Connell,2258.192
Justin Hirsh,2256.394
Maribeth Yedwab,2254.285
Ken Dana,2243.51
Tony Sayre,2243.274
Jason Gross,2240.58
Laurel Workman,2238.061
Allen Rosenblatt,2236.128
Greg Guthrie,2224
Nathan Cano,2218.99
Mick Crebagga,2218.98
Dave Poirier,2215.002
Phillip Flathmann,2206.128
Maya Herman,2203.778
Janet Lee,2203.7
Justin Ritter,2201.686
Edward Nazzal,2199.366
Toby Braunhardt,2198.45
Giulietta Weimer,2189.019
Bill Tyler,2186.613
Pamela Stobb,2181.479
Shahid Hopkins,2180.718
Kean Nguyen,2171.962
Daniel Byrd,2171.599
Roy Phan,2170.716
Theresa Swint,2163.624
Helen Abelman,2163.3
Ed Jacobs,2162.174
Neoma Murray,2161.979
John Dryer,2152.352
Clay Rozendal,2148.852
Duane Noonan,2139.79
Karen Carlisle,2120.954
Stefanie Holloman,2096.392
Liz Carlisle,2095.064
Rob Haberlin,2085.74
Trudy Glocke,2074.661
Max Ludwig,2071.914
Roger Barcio,2067.45
Tom Stivers,2054.14
Art Ferguson,2052.908
Carlos Daly,2033.968
Nicole Fjeld,2031.472
Denny Joy,2012.52
Victoria Brennan,2005.596
Harold Pawlan,1990.314
Doug Bickford,1989.05
Paul Gonzalez,1987.164
Nona Balk,1972.599
Scott Williamson,1966.65
Lisa DeCherney,1961.934
Christy Brittain,1949.2
Tracy Poddar,1936.64
Jas O'Carroll,1934.272
Jay Fein,1911.844
Max Engle,1908.4532
Susan Vittorini,1903.491
Katherine Ducich,1888.964
Giulietta Dortch,1888.07
Sheri Gordon,1884.798
Lisa Ryan,1879.306
Shaun Chance,1874.998
Brooke Gillingham,1874.172
Stephanie Phelps,1872.436
Nat Gilpin,1869.58
Cynthia Delaney,1860.732
Skye Norling,1860.418
Patrick Ryan,1840.178
Ashley Jarboe,1839.24
Pamela Coakley,1832.064
Emily Grady,1832.02
Pauline Johnson,1824.234
Noah Childs,1821.742
Janet Molinari,1804.146
Jennifer Braxton,1791.605
Andrew Allen,1790.512
Chad Cunningham,1770.945
Darrin Sayre,1762.213
Monica Federle,1758.3
Aaron Hawkins,1744.7
Logan Haushalter,1739.689
Ben Wallace,1738.406
Valerie Takahito,1736.596
Adrian Hane,1735.514
Mike Vittorini,1734.574
Jessica Myrick,1733.443
Brad Eason,1727.652
Denny Blanton,1711.692
Julie Prescott,1707.71
Tracy Zic,1707.286
Becky Pak,1697.861
Darren Koutras,1687.04
Meg O'Connel,1687.027
Ryan Akin,1686.9225
Katrina Edelman,1686.7312
Cathy Armstrong,1679.724
Candace McMahon,1673.888
Jennifer Patt,1669.135
Chad McGuire,1661.61
Cindy Chapman,1659.438
Erica Bern,1643.255
Anne Pryor,1638.554
Annie Zypern,1622.018
Maurice Satty,1613.402
Tim Brockman,1602.376
Craig Reiter,1600.55
Alan Haines,1587.452
Benjamin Farhat,1585.162
Cyma Kinney,1582.109
Mike Caudle,1581.998
James Lanier,1571.523
Karl Braun,1569.464
George Bell,1568.44
Odella Nelson,1567.52
Mark Van Huff,1560.05
Maria Bertelson,1548.702
Brian DeCherney,1538.11
Cathy Hwang,1537.236
Bruce Degenhardt,1526.5
Benjamin Venier,1523.273
Kelly Andreada,1519.506
Ann Blume,1515.862
John Grady,1507.018
Dan Lawera,1503.112
Zuschuss Donatelli,1493.944
Charlotte Melton,1475.144
Laurel Elliston,1469.45
Ted Butterfield,1467.881
Parhena Norris,1467.152
Ralph Kennedy,1460.192
Bradley Nguyen,1459.344
Delfina Latchford,1458.258
Philip Brown,1456.95
Andy Gerbode,1455.038
Raymond Messe,1453.474
Paul Knutson,1441.152
Tamara Dahlen,1434.548
Julia West,1428.731
Mick Brown,1428.231
Thomas Thornton,1427.044
Christine Abelman,1421.954
Roger Demir,1419.737
Nancy Lomonaco,1418.09
Jill Stevenson,1417.654
Paul MacIntyre,1405.402
Guy Armstrong,1398.382
Cyra Reiten,1397.8724
Nathan Gelder,1395.938
Jeremy Ellison,1388.682
Troy Blackwell,1387.559
Frank Gastineau,1383.144
Don Miller,1376.792
Gene Hale,1361.244
Sarah Bern,1348.02
Liz MacKendrick,1346.774
Maureen Gnade,1342.282
Sarah Jordon,1341.036
Bryan Mills,1338.842
Barry Franz,1333.88
Saphhira Shifley,1324.028
Dario Medina,1322.034
Michelle Tran,1319.4498
Shirley Jackson,1318.776
Magdelene Morse,1314.023
Sibella Parks,1306.086
Matt Collins,1303.893
Eileen Kiefer,1303.478
Corey-Lock,1300.076
Denny Ordway,1300.0315
Hallie Redmond,1299.288
Georgia Rosenberg,1284.38
Cari Sayre,1278.954
Paul Stevenson,1278.639
Stuart Van,1271.09
Doug O'Connell,1267.316
Carl Ludwig,1262.014
Liz Willingham,1259.04
Michelle Ellison,1256.944
Gene McClure,1255.682
Steve Carroll,1254.64
Matt Hagelstein,1252.8
Elpida Rittenbach,1245.788
Tony Chapman,1244.976
Joni Wasserman,1244.086
Michael Grace,1242.833
Nora Pelletier,1228.698
Patrick Jones,1220.09
Erica Hernandez,1219.53
Jack Lebron,1214.956
Christina DeMoss,1205.584
Michael Dominguez,1204.91
Dorothy Wardle,1204.854
Evan Bailliet,1186.326
Benjamin Patterson,1181.49
Debra Catini,1174.618
Alyssa Tate,1171.814
Jim Radford,1156.658
Duane Benoit,1155.202
Claire Gute,1148.78
Kimberly Carter,1146.05
Ross DeVincentis,1137.616
Carl Weiss,1136.592
Jim Sink,1131.064
Darrin Van Huff,1119.483
Alan Barnes,1113.838
Tony Molinari,1094.678
Jesus Ocampo,1090.838
Scot Wooten,1085.078
Jeremy Farry,1082.918
Dennis Bolton,1081.466
David Wiener,1080.751
Cindy Schnelling,1077.2285
Pauline Chand,1061.488
David Philippe,1058.616
Jenna Caffey,1058.108
Phillina Ober,1056.858
Allen Armold,1056.39
Vivek Sundaresam,1055.981
Alex Russell,1055.694
Darren Powers,1050.636
Duane Huffman,1043.096
Susan MacKendrick,1043.041
Eudokia Martin,1041.042
Theresa Coyne,1038.26
Mike Kennedy,1031.602
Tiffany House,1022.201
Sean Wendt,1019.044
Luke Schmidt,1010.256
Randy Bradley,1008.196
Lynn Smith,1008.136
Bruce Geld,1006.356
Victor Preis,993.902
Ken Brennan,983.922
Barry Pond,983.42
Toby Swindell,974.782
Russell D'Ascenzo,970.942
Aimee Bixby,966.71
Roy Collins,966.409
Sung Shariari,964.636
Jonathan Howell,959.477
Jason Fortune-,955.124
Rachel Payne,954.6452
Bryan Spruell,949.43
Roy Französisch,945.222
Eric Barreto,944.6
Maureen Fritzler,937.039
Eric Murdock,933.704
Alyssa Crouse,925.8
Evan Henry,923.884
Mary O'Rourke,922.487
Alejandro Ballentine,914.532
Katrina Bavinger,908.821
Catherine Glotzbach,904.468
Sonia Cooley,902.728
Joni Blumstein,900.552
Henia Zydlo,886.52
Aaron Bergman,886.156
Ryan Crowe,885.752
Chad Sievert,884.64
Harold Engle,883.532
Sally Knutson,883.409
Richard Eichhorn,876.696
Jim Mitchum,864.947
Jocasta Rupert,863.88
Art Foster,861.565
Julie Creighton,858.576
Michael Stewart,855.116
Vicky Freymann,847.944
Vivek Gonzalez,846.01
Charles Sheldon,844.458
Todd Boyes,834.328
Ann Steele,833.398
Erica Hackney,825.95
Thomas Brumley,816.174
Alice McCarthy,814.012
Brendan Murry,808.162
David Kendrick,797.832
Matthew Clasen,795.154
Beth Fritzler,791.99
Harry Greene,785.628
Michael Granlund,776.384
Muhammed MacIntyre,775.414
Sandra Flanagan,763.546
Steven Ward,758.696
Liz Pelletier,756.606
Dorris liebe,755.602
Ivan Gibson,744.574
Barry Blumstein,744.34
Tracy Collins,742.558
Michelle Lonsdale,742.082
Ritsa Hightower,740.382
Patrick Bzostek,740.356
Angele Hood,738.504
Henry MacAllister,736.276
Patricia Hirasaki,729.648
Pete Armstrong,729.408
Jennifer Jackson,709.178
Julia Dunbar,695.442
Peter Bühler,688.324
Eric Hoffmann,684.171
Toby Ritter,675.942
Alex Grayson,660.972
Berenike Kampe,659.138
Bryan Davis,658.466
Anna Chung,657.316
Anthony Witt,649.376
Lori Olson,644.35
Joy Bell-,644.1188
Carol Darley,639.766
Mathew Reese,639.178
Astrea Jones,629.248
Ralph Ritter,615.932
Shirley Schmidt,613.4
Bobby Trafton,603.876
Barbara Fisher,599.798
Maria Zettner,593.606
Denise Leinenbach,585.02
Alan Shonely,584.608
Brian Derr,582.646
Neil Knudson,572.048
Carlos Meador,565.392
Chuck Sachs,550.644
Cari Schnelling,537.632
John Huston,528.91
Rob Beeghly,528.546
Andy Yotov,497.014
Corey Roper,475.9
MaryBeth Skach,475.656
Joni Sundaresam,469.169
Erin Creighton,461.914
Khloe Miller,453.538
Kelly Williams,449.096
Tim Taslimi,439.5
Shui Tom,433.34
Vivek Grady,427.372
Sonia Sunley,418.49
Brad Thomas,415.196
Mark Haberlin,400.016
Barry Weirich,385.516
Joy Daniels,385.43
Jason Klamczynski,383.812
Vivian Mathis,380.69
Neil Französisch,377.162
Melanie Seite,370.348
Lycoris Saunders,368.88
Aleksandra Gannaway,367.548
Evan Minnotte,366.822
Heather Jas,358.1
Don Weiss,344.08
Larry Tron,329.876
Brendan Dodson,320.54
Lisa Hazard,318.239
Jennifer Halladay,309.281
Jill Matthias,303.948
Chuck Magee,287.99
Larry Hughes,287.426
Sung Chung,280.632
Stuart Calhoun,279.256
Nicole Brennan,273.872
Bart Folk,272.95
Dorothy Dickinson,269.542
Brad Norvell,265.296
Andrew Roberts,264.864
Harold Dahlen,251.36
Sally Matthias,244.494
Paul Lucas,239.481
Guy Phonely,236.53
Erin Mull,228.99
Guy Thornton,226.436
Robert Barroso,221.084
Hilary Holden,218.668
Allen Goldenen,200.945
Joel Jenkins,195
Anthony Garverick,170.584
Muhammed Lee,162.232
Anthony O'Donnell,161.28
Pete Takahito,160.572
Dianna Arnett,156.76
Michael Oakman,154.288
Greg Hansen,146.9408
Phillip Breyer,132.738
Bobby Odegard,130.83
Ed Ludwig,124.28
Clay Cheatham,113.832
Roland Murray,98.35
Karen Seio,88.472
Anemone Ratner,88.15
Fred Wasserman,79.75
Jasper Cacioppo,71.263
Adrian Shami,58.82
Larry Blacks,50.188
Ricardo Emerson,48.36
Susan Gilcrest,47.946
Roy Skaria,22.328
Mitch Gastineau,16.739
Carl Jackson,16.52
Lela Donovan,5.304
Thais Sissman,4.833
Grand Total,2297200.86
